#t_ms	method	status	req_bytes	resp_bytes	head_us	total_us	path
1785885644680	PUT	404	290956	150	1437	1441	/sccache-bench/buildbench/20260804T231645Z/j16/d/8/4/d84c92bfbc9839bc2f0879752e8618cd365d7ea00e96bcca8e31fd42005b999e
1785885644867	PUT	404	347748	150	1943	1948	/sccache-bench/buildbench/20260804T231645Z/j16/e/6/7/e67752e57187c7e89e78be7912e530e0e095929ee5cdc79331290aece1f093fa
1785885645054	PUT	404	176665	150	1650	1655	/sccache-bench/buildbench/20260804T231645Z/j16/2/e/7/2e7e211542d6bc4c71ea3c62d6f0043299fb488a9196eeae234fb6501b9230a5
1785885645188	PUT	404	1719523	150	548	553	/sccache-bench/buildbench/20260804T231645Z/j16/3/a/0/3a00b457dcf640bbf9fde3baabfb739e67907a29af42b05d85089ef135112f0d
1785885645422	PUT	404	2788141	150	1967	1971	/sccache-bench/buildbench/20260804T231645Z/j16/f/c/3/fc3ed2f2c13b58465c6988b9a907bc5bb7a14ed6ee1de0299e5a81d281db2c72
1785885645463	PUT	404	840190	150	653	658	/sccache-bench/buildbench/20260804T231645Z/j16/9/e/7/9e71b73107f44a8d37f8eb0cb8d60b65ba6ea01f4ad29281868ffe3ec203bd32
1785885645591	PUT	404	973966	150	1911	1916	/sccache-bench/buildbench/20260804T231645Z/j16/0/1/1/011e3747ccb96a302a4bb685e46ef552ba9790fe516fada64159bfacf1738c39
1785885645593	PUT	404	1259353	150	1491	1495	/sccache-bench/buildbench/20260804T231645Z/j16/6/5/8/658d56e4dbd3352058f3bc0391eba83211fb781e735e5541f66bf64439891af3
1785885645603	PUT	404	1239056	150	574	579	/sccache-bench/buildbench/20260804T231645Z/j16/7/4/7/747489b057e55fc9ad7bfd89d35b26277bf467dd45d7157daa68f8e961ac5f3b
1785885645626	PUT	404	98909	150	2082	2086	/sccache-bench/buildbench/20260804T231645Z/j16/d/c/2/dc2bf51373f6b306a12b4976bd5ea9fb9f2845b23f76829b7a97592236cc08cd
1785885645707	PUT	404	749550	150	2862	2866	/sccache-bench/buildbench/20260804T231645Z/j16/e/b/1/eb10ca27a378f9113d02b2495d96aec98e4e82e557b9b911164f6db924fe99d7
1785885645717	PUT	404	1258003	150	2121	2124	/sccache-bench/buildbench/20260804T231645Z/j16/f/2/b/f2b0a7c54c6759d62b4f64ff253152df40b7357ea3d0c11b155bec8d358fe23f
1785885645846	PUT	404	191435	150	657	661	/sccache-bench/buildbench/20260804T231645Z/j16/0/1/1/011e98c6243e3a36b8d0d6300d1b23274f710e46e6c15dad38c288bda551b36b
1785885646044	PUT	404	2254536	150	1819	1824	/sccache-bench/buildbench/20260804T231645Z/j16/f/f/c/ffc35e6c0adf9258cfef00c7e0e62333b7b0e8f6fc4da0155e6656654832ad18
1785885646075	PUT	404	518438	150	536	541	/sccache-bench/buildbench/20260804T231645Z/j16/d/6/e/d6ea79bed0ea7ad08dc03e336b826fc1c29015030cf45bf07ff6dbed3550b43e
1785885646095	PUT	404	105135	150	1629	1633	/sccache-bench/buildbench/20260804T231645Z/j16/2/9/7/29719d3b9fc6703ce8651fdfc94202651a42ad383d1d940a271d27a160df529d
1785885646155	PUT	404	266204	150	2676	2681	/sccache-bench/buildbench/20260804T231645Z/j16/b/3/7/b373be09c51f30d7fe4486f89d6ad4c389c48d670f2b3042424c8f708505f18a
1785885646212	PUT	404	340186	150	2135	2140	/sccache-bench/buildbench/20260804T231645Z/j16/b/e/a/bea620daab17e2b6594801c7ae8d908ac8d27035c96f1cea548c803b8da07ecf
1785885646286	PUT	404	144160	150	1767	1773	/sccache-bench/buildbench/20260804T231645Z/j16/4/b/d/4bd5a5b539c2d55b4fdd520f9e902ca223d9581a0e78407cd099be7c06f12ffa
1785885646314	PUT	404	264499	150	1657	1663	/sccache-bench/buildbench/20260804T231645Z/j16/7/2/f/72fb6ca93f161ecce6cd42c7fda30a2775878d64ac045c859a3b2d7d9c0284cb
1785885646353	PUT	404	821483	150	2240	2244	/sccache-bench/buildbench/20260804T231645Z/j16/5/0/8/50806cc9a2cf4dc10c7628d3edffb961d7e1298a3fa817071b6fbcc392f31632
1785885646485	PUT	404	1014654	150	1674	1678	/sccache-bench/buildbench/20260804T231645Z/j16/b/2/9/b29f09ac66bae64bc8148b99c11b00df3037dcdcc68722ea61e64d302c72e573
1785885646542	PUT	404	4378149	150	1618	1623	/sccache-bench/buildbench/20260804T231645Z/j16/d/e/6/de696e3776f97f03d848ca2e0c84f7c925aee505568d5b842e02b7448777e612
1785885646570	PUT	404	7205764	150	1665	1670	/sccache-bench/buildbench/20260804T231645Z/j16/2/a/5/2a57e24fae3d498d2fe65d710dfdbb05d69db5fd9ff321758a3ccc4f0f5afe53
1785885646671	PUT	404	1972195	150	1743	1748	/sccache-bench/buildbench/20260804T231645Z/j16/b/4/9/b4956d9ba55673c977652b04c3a47068a4b5524927fe83d659b5a474c0348069
1785885646766	PUT	404	1756604	150	1999	2004	/sccache-bench/buildbench/20260804T231645Z/j16/a/9/3/a93cfb460aace7d47539c871eabd038a6f2e0d02cae9e2b7faa8e0aee60c6582
1785885646931	PUT	404	2499037	150	483	487	/sccache-bench/buildbench/20260804T231645Z/j16/1/c/b/1cb3a2cd201c7880337fee322bce9334db9485733ced712114e6079f2b81c96a
1785885647180	PUT	404	720961	150	4101	4106	/sccache-bench/buildbench/20260804T231645Z/j16/3/2/4/32404cba2354b1fec74b54c341966f6d178d763a1c6b244a432abc0e5189c28c
1785885647505	PUT	404	3069150	150	4748	4751	/sccache-bench/buildbench/20260804T231645Z/j16/8/7/d/87d78b8555fe058b4541cf1222f63507f1c3283bcdfab274065d83129aab11dd
1785885647608	PUT	404	1730349	150	2490	2495	/sccache-bench/buildbench/20260804T231645Z/j16/7/8/e/78e1d2508f5cba5aabe478698c042cb8f2d0a3c2e676b3d2d0c82ef5ccad7bc7
1785885649944	PUT	404	3957725	150	1779	1783	/sccache-bench/buildbench/20260804T231645Z/j16/4/4/4/444ad352e7917d8e82c131a4562d393e3cb3996e9e579192c640565bf4569628
1785885650499	PUT	404	7193628	150	498	501	/sccache-bench/buildbench/20260804T231645Z/j16/7/8/9/789d41f4493f42c26c1ef7e3991e707f1a7e1aa286532dcdfd460f49b5657a9b
1785885650659	PUT	404	20416162	150	1530	1533	/sccache-bench/buildbench/20260804T231645Z/j16/6/d/f/6dfd127d29e0d1529a28dbf7ccd791e775211a003af6f5fe116ec85dba07d35d
1785885651072	PUT	404	939147	150	2291	2295	/sccache-bench/buildbench/20260804T231645Z/j16/2/7/3/273ce514d2ac9a5cb764c0f45d8da314e7e455d969989f69996a805cdc026850
1785885651097	PUT	404	1222776	150	529	533	/sccache-bench/buildbench/20260804T231645Z/j16/2/d/4/2d454f1aee5f8daa48ac8312e008f3f503426b271ef985b94a361f3144da1636
1785885651442	PUT	404	2053433	150	3005	3010	/sccache-bench/buildbench/20260804T231645Z/j16/5/6/6/56664c294be618e274dfb6336f863f73768ac699e85198e6b924499eb4283c57
1785885651664	PUT	404	134064	150	1775	1780	/sccache-bench/buildbench/20260804T231645Z/j16/3/0/d/30d13513bffdad29cf8ab6e47d1b4c8154b542fb7a48ea4321c70e98b7f19f1f
1785885652142	PUT	404	385127	150	1511	1514	/sccache-bench/buildbench/20260804T231645Z/j16/c/5/8/c588ba27c5754a629ad7afcf89eb5a206dee4b09cb9c8560ad37f5594f3e373a
1785885653524	PUT	404	4352795	150	2420	2423	/sccache-bench/buildbench/20260804T231645Z/j16/6/3/0/63038289ba740be34567e1b02e54b5fea7ca1f4d54034f67b70b5072ef97d2fa
1785885654154	PUT	404	2140783	150	1965	1969	/sccache-bench/buildbench/20260804T231645Z/j16/6/7/7/677954d133c317fab65e6c5cca07eff70f448e7f61e633d1b4b70185304e4b7f
