family	concurrency	phase	arm	rep	ops_per_sec	mib_per_sec	p50_ms	p90_ms	p99_ms	request_errors	case_errors	ops	queue_bytes	error_detail
synchronous	8	put	trunk-1g	1	151.66	90.91	23.531	116.087	395.184	0	0	512	1073741824	{}
synchronous	8	get	trunk-1g	1	6036.1	3618.11	0.979	2.23	6.429	0	0	512	1073741824	{}
synchronous	8	head-hit	trunk-1g	1	6467.19	0.0	0.891	2.14	6.656	0	0	512	1073741824	{}
synchronous	8	head-miss	trunk-1g	1	11343.98	0.0	0.544	1.075	3.146	0	0	512	1073741824	{}
synchronous	8	mixed	trunk-1g	1	1217.82	586.57	1.915	17.371	73.056	0	0	512	1073741824	{}
synchronous	32	put	trunk-1g	1	186.07	107.12	30.751	338.91	1428.711	0	0	768	1073741824	{}
synchronous	32	get	trunk-1g	1	5876.44	3383.06	4.299	9.39	18.103	0	0	768	1073741824	{}
synchronous	32	head-hit	trunk-1g	1	6530.78	0.0	4.604	8.021	9.934	0	0	768	1073741824	{}
synchronous	32	head-miss	trunk-1g	1	8366.48	0.0	2.97	6.125	8.042	0	0	768	1073741824	{}
synchronous	32	mixed	trunk-1g	1	1206.22	559.28	5.626	14.515	276.034	0	0	768	1073741824	{}
synchronous	8	put	published-1g	1	146.09	87.57	38.782	103.65	329.547	0	0	512	1073741824	{}
synchronous	8	get	published-1g	1	6033.32	3616.44	1.011	2.306	4.848	0	0	512	1073741824	{}
synchronous	8	head-hit	published-1g	1	6361.37	0.0	0.939	2.247	4.514	0	0	512	1073741824	{}
synchronous	8	head-miss	published-1g	1	8103.21	0.0	0.604	1.658	6.755	0	0	512	1073741824	{}
synchronous	8	mixed	published-1g	1	1004.92	484.03	1.678	19.0	90.245	0	0	512	1073741824	{}
synchronous	32	put	published-1g	1	186.78	107.53	129.002	239.659	818.031	0	0	768	1073741824	{}
synchronous	32	get	published-1g	1	5771.67	3322.74	4.633	8.27	15.574	0	0	768	1073741824	{}
synchronous	32	head-hit	published-1g	1	6414.35	0.0	4.671	8.21	12.044	0	0	768	1073741824	{}
synchronous	32	head-miss	published-1g	1	9581.02	0.0	2.084	6.623	25.927	0	0	768	1073741824	{}
synchronous	32	mixed	published-1g	1	1078.18	499.91	6.278	54.858	241.411	0	0	768	1073741824	{}
synchronous	8	put	optimized-1g	1	153.93	92.27	34.493	107.125	365.204	0	0	512	1073741824	{}
synchronous	8	get	optimized-1g	1	2555.17	1531.6	1.231	5.708	25.852	0	0	512	1073741824	{}
synchronous	8	head-hit	optimized-1g	1	4924.02	0.0	0.961	2.587	12.467	0	0	512	1073741824	{}
synchronous	8	head-miss	optimized-1g	1	10349.02	0.0	0.578	1.081	4.629	0	0	512	1073741824	{}
synchronous	8	mixed	optimized-1g	1	1144.9	551.45	1.832	18.46	75.281	0	0	512	1073741824	{}
synchronous	32	put	optimized-1g	1	187.0	107.66	111.056	292.93	1073.998	0	0	768	1073741824	{}
synchronous	32	get	optimized-1g	1	6132.62	3530.54	4.247	8.554	25.29	0	0	768	1073741824	{}
synchronous	32	head-hit	optimized-1g	1	6419.28	0.0	4.692	8.032	11.003	0	0	768	1073741824	{}
synchronous	32	head-miss	optimized-1g	1	8174.09	0.0	3.946	6.074	8.997	0	0	768	1073741824	{}
synchronous	32	mixed	optimized-1g	1	1114.71	516.86	8.188	34.666	189.322	0	0	768	1073741824	{}
synchronous	8	put	published-1g	2	143.47	86.0	41.232	98.596	369.252	0	0	512	1073741824	{}
synchronous	8	get	published-1g	2	5967.76	3577.14	1.068	2.21	4.266	0	0	512	1073741824	{}
synchronous	8	head-hit	published-1g	2	5700.23	0.0	1.028	2.254	6.187	0	0	512	1073741824	{}
synchronous	8	head-miss	published-1g	2	9748.66	0.0	0.671	1.175	3.429	0	0	512	1073741824	{}
synchronous	8	mixed	published-1g	2	1174.36	565.64	1.696	18.916	64.949	0	0	512	1073741824	{}
synchronous	32	put	published-1g	2	179.14	103.13	140.833	258.995	743.773	0	0	768	1073741824	{}
synchronous	32	get	published-1g	2	6606.88	3803.57	4.021	6.846	11.701	0	0	768	1073741824	{}
synchronous	32	head-hit	published-1g	2	6406.67	0.0	4.557	8.313	13.371	0	0	768	1073741824	{}
synchronous	32	head-miss	published-1g	2	9072.04	0.0	2.983	5.274	7.186	0	0	768	1073741824	{}
synchronous	32	mixed	published-1g	2	911.94	422.84	9.57	55.539	245.221	0	0	768	1073741824	{}
synchronous	8	put	optimized-1g	2	148.91	89.26	32.121	105.748	381.726	0	0	512	1073741824	{}
synchronous	8	get	optimized-1g	2	5234.18	3137.42	1.125	2.829	5.645	0	0	512	1073741824	{}
synchronous	8	head-hit	optimized-1g	2	4813.54	0.0	1.016	3.843	10.778	0	0	512	1073741824	{}
synchronous	8	head-miss	optimized-1g	2	9900.62	0.0	0.657	1.231	2.873	0	0	512	1073741824	{}
synchronous	8	mixed	optimized-1g	2	1140.75	549.45	2.098	14.198	78.269	0	0	512	1073741824	{}
synchronous	32	put	optimized-1g	2	188.12	108.3	116.165	286.815	1014.08	0	0	768	1073741824	{}
synchronous	32	get	optimized-1g	2	6290.31	3621.32	4.234	8.067	16.227	0	0	768	1073741824	{}
synchronous	32	head-hit	optimized-1g	2	6418.22	0.0	4.432	8.795	15.589	0	0	768	1073741824	{}
synchronous	32	head-miss	optimized-1g	2	11734.16	0.0	2.18	3.822	7.074	0	0	768	1073741824	{}
synchronous	32	mixed	optimized-1g	2	1015.07	470.66	6.662	46.106	252.891	0	0	768	1073741824	{}
synchronous	8	put	trunk-1g	2	156.05	93.54	22.691	107.014	436.903	0	0	512	1073741824	{}
synchronous	8	get	trunk-1g	2	6025.53	3611.77	0.96	2.177	5.772	0	0	512	1073741824	{}
synchronous	8	head-hit	trunk-1g	2	6321.11	0.0	0.961	2.3	4.024	0	0	512	1073741824	{}
synchronous	8	head-miss	trunk-1g	2	10401.76	0.0	0.635	1.165	2.679	0	0	512	1073741824	{}
synchronous	8	mixed	trunk-1g	2	1131.8	545.14	1.932	19.536	88.136	0	0	512	1073741824	{}
synchronous	32	put	trunk-1g	2	189.38	109.03	33.648	328.501	1328.25	0	0	768	1073741824	{}
synchronous	32	get	trunk-1g	2	5019.51	2889.73	4.944	9.787	41.786	0	0	768	1073741824	{}
synchronous	32	head-hit	trunk-1g	2	6604.87	0.0	4.657	7.527	10.05	0	0	768	1073741824	{}
synchronous	32	head-miss	trunk-1g	2	7391.64	0.0	4.27	5.954	9.342	0	0	768	1073741824	{}
synchronous	32	mixed	trunk-1g	2	1137.95	527.63	6.213	22.771	313.655	0	0	768	1073741824	{}
synchronous	8	put	optimized-1g	3	154.8	92.79	34.852	101.948	404.621	0	0	512	1073741824	{}
synchronous	8	get	optimized-1g	3	5759.54	3452.33	1.104	2.43	4.351	0	0	512	1073741824	{}
synchronous	8	head-hit	optimized-1g	3	5291.12	0.0	1.078	2.666	5.331	0	0	512	1073741824	{}
synchronous	8	head-miss	optimized-1g	3	10587.96	0.0	0.652	1.113	1.712	0	0	512	1073741824	{}
synchronous	8	mixed	optimized-1g	3	1091.79	525.87	1.757	19.037	76.182	0	0	512	1073741824	{}
synchronous	32	put	optimized-1g	3	185.42	106.75	91.876	271.122	1335.146	0	0	768	1073741824	{}
synchronous	32	get	optimized-1g	3	6434.82	3704.52	4.206	7.995	13.936	0	0	768	1073741824	{}
synchronous	32	head-hit	optimized-1g	3	6384.27	0.0	4.445	8.323	16.38	0	0	768	1073741824	{}
synchronous	32	head-miss	optimized-1g	3	7785.2	0.0	4.096	6.651	9.994	0	0	768	1073741824	{}
synchronous	32	mixed	optimized-1g	3	1061.7	492.27	7.244	39.89	233.64	0	0	768	1073741824	{}
synchronous	8	put	trunk-1g	3	163.4	97.95	22.193	106.674	406.818	0	0	512	1073741824	{}
synchronous	8	get	trunk-1g	3	4906.2	2940.83	1.265	2.764	7.379	0	0	512	1073741824	{}
synchronous	8	head-hit	trunk-1g	3	5860.75	0.0	1.053	2.271	4.826	0	0	512	1073741824	{}
synchronous	8	head-miss	trunk-1g	3	10568.19	0.0	0.651	1.075	2.327	0	0	512	1073741824	{}
synchronous	8	mixed	trunk-1g	3	1190.56	573.44	2.275	13.269	63.918	0	0	512	1073741824	{}
synchronous	32	put	trunk-1g	3	177.94	102.44	33.944	366.864	1761.639	0	0	768	1073741824	{}
synchronous	32	get	trunk-1g	3	6318.77	3637.71	4.305	7.958	12.33	0	0	768	1073741824	{}
synchronous	32	head-hit	trunk-1g	3	5695.7	0.0	4.871	9.541	31.266	0	0	768	1073741824	{}
synchronous	32	head-miss	trunk-1g	3	11903.83	0.0	2.467	2.987	5.859	0	0	768	1073741824	{}
synchronous	32	mixed	trunk-1g	3	1146.57	531.63	5.699	17.303	224.656	0	0	768	1073741824	{}
synchronous	8	put	published-1g	3	145.21	87.04	43.999	101.998	331.276	0	0	512	1073741824	{}
synchronous	8	get	published-1g	3	5691.87	3411.77	1.012	2.768	5.37	0	0	512	1073741824	{}
synchronous	8	head-hit	published-1g	3	5380.66	0.0	0.974	2.491	9.478	0	0	512	1073741824	{}
synchronous	8	head-miss	published-1g	3	11285.19	0.0	0.601	1.002	2.144	0	0	512	1073741824	{}
synchronous	8	mixed	published-1g	3	1044.71	503.19	1.528	19.35	98.383	0	0	512	1073741824	{}
synchronous	32	put	published-1g	3	183.17	105.45	132.048	263.902	776.584	0	0	768	1073741824	{}
synchronous	32	get	published-1g	3	6192.34	3564.93	4.282	8.92	15.965	0	0	768	1073741824	{}
synchronous	32	head-hit	published-1g	3	6542.26	0.0	4.575	8.738	15.478	0	0	768	1073741824	{}
synchronous	32	head-miss	published-1g	3	6966.0	0.0	4.46	6.942	12.49	0	0	768	1073741824	{}
synchronous	32	mixed	published-1g	3	817.71	379.15	7.05	66.029	383.296	0	0	768	1073741824	{}
sustained	8	put	trunk-1g	1	282.7	161.39	0.215	90.591	483.014	0	0	4096	1073741824	{}
sustained	8	get	trunk-1g	1	4174.09	2382.86	0.666	2.932	21.13	0	0	4096	1073741824	{}
sustained	8	head-hit	trunk-1g	1	10924.01	0.0	0.578	1.612	5.695	0	0	4096	1073741824	{}
sustained	8	head-miss	trunk-1g	1	8649.69	0.0	0.56	1.139	10.696	0	0	4096	1073741824	{}
sustained	8	mixed	trunk-1g	1	2874.4	1343.22	0.72	3.869	39.447	0	0	4096	1073741824	{}
sustained	32	put	trunk-1g	1	324.37	185.17	0.089	276.564	1576.515	0	0	16384	1073741824	{}
sustained	32	get	trunk-1g	1	11846.5	6762.81	1.194	6.261	19.079	0	0	16384	1073741824	{}
sustained	32	head-hit	trunk-1g	1	13163.74	0.0	0.045	6.66	19.599	0	0	16384	1073741824	{}
sustained	32	head-miss	trunk-1g	1	6950.67	0.0	4.631	6.808	13.186	0	0	16384	1073741824	{}
sustained	32	mixed	trunk-1g	1	4527.38	2068.89	0.353	10.543	92.953	0	0	16384	1073741824	{}
sustained	8	put	published-1g	1	321.72	183.66	0.223	107.105	291.281	0	0	4096	1073741824	{}
sustained	8	get	published-1g	1	1482.5	846.32	0.694	5.794	88.545	0	0	4096	1073741824	{}
sustained	8	head-hit	published-1g	1	8508.93	0.0	0.582	1.622	16.681	0	0	4096	1073741824	{}
sustained	8	head-miss	published-1g	1	10755.3	0.0	0.563	1.132	4.377	0	0	4096	1073741824	{}
sustained	8	mixed	published-1g	1	2946.64	1376.98	0.693	3.877	36.544	0	0	4096	1073741824	{}
sustained	32	put	published-1g	1	332.1	189.59	0.09	265.039	1483.536	0	0	16384	1073741824	{}
sustained	32	get	published-1g	1	4429.96	2528.93	0.949	7.597	29.463	0	0	16384	1073741824	{}
sustained	32	head-hit	published-1g	1	10294.83	0.0	0.815	8.101	17.592	0	0	16384	1073741824	{}
sustained	32	head-miss	published-1g	1	6610.24	0.0	4.502	7.558	19.878	0	0	16384	1073741824	{}
sustained	32	mixed	published-1g	1	2911.63	1330.53	0.962	17.647	181.694	0	0	16384	1073741824	{}
sustained	8	put	optimized-1g	1	319.27	182.26	0.221	105.82	315.584	0	0	4096	1073741824	{}
sustained	8	get	optimized-1g	1	4853.5	2770.72	0.678	2.352	19.714	0	0	4096	1073741824	{}
sustained	8	head-hit	optimized-1g	1	11110.68	0.0	0.626	1.641	5.143	0	0	4096	1073741824	{}
sustained	8	head-miss	optimized-1g	1	10177.86	0.0	0.559	1.144	5.813	0	0	4096	1073741824	{}
sustained	8	mixed	optimized-1g	1	3128.31	1461.87	0.697	4.582	37.313	0	0	4096	1073741824	{}
sustained	32	put	optimized-1g	1	327.46	186.94	0.1	273.561	1439.843	0	0	16384	1073741824	{}
sustained	32	get	optimized-1g	1	6505.3	3713.68	1.03	6.656	20.991	0	0	16384	1073741824	{}
sustained	32	head-hit	optimized-1g	1	12562.25	0.0	0.101	7.07	16.016	0	0	16384	1073741824	{}
sustained	32	head-miss	optimized-1g	1	6433.04	0.0	4.715	6.603	18.47	0	0	16384	1073741824	{}
sustained	32	mixed	optimized-1g	1	3918.24	1790.53	0.691	13.648	104.921	0	0	16384	1073741824	{}
sustained	8	put	optimized-2g	1	1337.05	763.28	0.315	1.079	168.18	0	0	4096	2147483648	{}
sustained	8	get	optimized-2g	1	446.37	254.82	0.516	40.561	280.698	0	0	4096	2147483648	{}
sustained	8	head-hit	optimized-2g	1	4444.02	0.0	0.074	3.448	24.433	0	0	4096	2147483648	{}
sustained	8	head-miss	optimized-2g	1	3377.31	0.0	0.716	6.229	21.076	0	0	4096	2147483648	{}
sustained	8	mixed	optimized-2g	1	862.76	403.17	0.804	15.322	137.228	0	0	4096	2147483648	{}
sustained	32	put	optimized-2g	1	1363.23	778.23	0.257	1.718	481.909	0	0	16384	2147483648	{}
sustained	32	get	optimized-2g	1	5678.98	3241.96	1.102	6.068	61.082	0	0	16384	2147483648	{}
sustained	32	head-hit	optimized-2g	1	16118.52	0.0	0.169	6.062	20.286	0	0	16384	2147483648	{}
sustained	32	head-miss	optimized-2g	1	6857.4	0.0	2.861	9.059	26.107	0	0	16384	2147483648	{}
sustained	32	mixed	optimized-2g	1	3237.48	1479.44	0.677	9.751	160.121	0	0	16384	2147483648	{}
sustained	8	put	published-1g	2	318.33	181.72	0.244	108.652	279.547	0	0	4096	1073741824	{}
sustained	8	get	published-1g	2	1800.88	1028.07	0.694	4.7	77.787	0	0	4096	1073741824	{}
sustained	8	head-hit	published-1g	2	8546.16	0.0	0.583	1.743	13.102	0	0	4096	1073741824	{}
sustained	8	head-miss	published-1g	2	8820.29	0.0	0.569	1.381	9.844	0	0	4096	1073741824	{}
sustained	8	mixed	published-1g	2	2432.94	1136.93	0.711	7.366	37.832	0	0	4096	1073741824	{}
sustained	32	put	published-1g	2	331.21	189.08	0.077	264.26	1304.069	0	0	16384	1073741824	{}
sustained	32	get	published-1g	2	4462.44	2547.47	0.778	8.223	43.529	0	0	16384	1073741824	{}
sustained	32	head-hit	published-1g	2	9756.86	0.0	0.701	8.479	20.666	0	0	16384	1073741824	{}
sustained	32	head-miss	published-1g	2	6567.9	0.0	4.744	6.372	11.672	0	0	16384	1073741824	{}
sustained	32	mixed	published-1g	2	2728.74	1246.96	0.926	14.819	208.651	0	0	16384	1073741824	{}
sustained	8	put	optimized-1g	2	323.91	184.91	0.22	96.444	369.116	0	0	4096	1073741824	{}
sustained	8	get	optimized-1g	2	4103.66	2342.65	0.673	3.206	14.625	0	0	4096	1073741824	{}
sustained	8	head-hit	optimized-1g	2	9769.71	0.0	0.581	1.511	9.203	0	0	4096	1073741824	{}
sustained	8	head-miss	optimized-1g	2	7344.84	0.0	0.579	1.724	12.193	0	0	4096	1073741824	{}
sustained	8	mixed	optimized-1g	2	3304.1	1544.02	0.692	3.16	36.816	0	0	4096	1073741824	{}
sustained	32	put	optimized-1g	2	327.31	186.85	0.084	266.785	1436.342	0	0	16384	1073741824	{}
sustained	32	get	optimized-1g	2	5599.63	3196.66	1.109	7.402	27.106	0	0	16384	1073741824	{}
sustained	32	head-hit	optimized-1g	2	11300.75	0.0	0.316	7.467	16.513	0	0	16384	1073741824	{}
sustained	32	head-miss	optimized-1g	2	6600.8	0.0	4.459	7.605	21.677	0	0	16384	1073741824	{}
sustained	32	mixed	optimized-1g	2	4039.91	1846.13	0.73	15.19	88.51	0	0	16384	1073741824	{}
sustained	8	put	optimized-2g	2	1312.85	749.47	0.31	1.027	170.424	0	0	4096	2147483648	{}
sustained	8	get	optimized-2g	2	428.93	244.86	0.571	42.068	313.174	0	0	4096	2147483648	{}
sustained	8	head-hit	optimized-2g	2	5104.62	0.0	0.096	3.162	19.812	0	0	4096	2147483648	{}
sustained	8	head-miss	optimized-2g	2	8689.5	0.0	0.525	1.53	7.009	0	0	4096	2147483648	{}
sustained	8	mixed	optimized-2g	2	1067.2	498.7	0.877	11.973	109.582	0	0	4096	2147483648	{}
sustained	32	put	optimized-2g	2	1384.47	790.35	0.231	1.698	585.333	0	0	16384	2147483648	{}
sustained	32	get	optimized-2g	2	6080.55	3471.2	1.107	4.518	35.07	0	0	16384	2147483648	{}
sustained	32	head-hit	optimized-2g	2	18680.61	0.0	0.165	4.845	18.328	0	0	16384	2147483648	{}
sustained	32	head-miss	optimized-2g	2	6526.02	0.0	2.733	9.649	34.524	0	0	16384	2147483648	{}
sustained	32	mixed	optimized-2g	2	3171.83	1449.44	0.934	9.819	185.139	0	0	16384	2147483648	{}
sustained	8	put	trunk-1g	2	318.54	181.84	0.221	97.332	333.323	0	0	4096	1073741824	{}
sustained	8	get	trunk-1g	2	4444.36	2537.15	0.706	2.617	20.699	0	0	4096	1073741824	{}
sustained	8	head-hit	trunk-1g	2	5746.66	0.0	0.657	2.878	19.4	0	0	4096	1073741824	{}
sustained	8	head-miss	trunk-1g	2	9499.1	0.0	0.565	1.141	5.032	0	0	4096	1073741824	{}
sustained	8	mixed	trunk-1g	2	2710.73	1266.74	0.72	4.472	40.124	0	0	4096	1073741824	{}
sustained	32	put	trunk-1g	2	306.16	174.78	0.09	315.674	1558.8	0	0	16384	1073741824	{}
sustained	32	get	trunk-1g	2	11819.68	6747.5	1.397	5.803	14.65	0	0	16384	1073741824	{}
sustained	32	head-hit	trunk-1g	2	14382.12	0.0	0.04	6.445	14.682	0	0	16384	1073741824	{}
sustained	32	head-miss	trunk-1g	2	6447.48	0.0	4.792	6.722	12.651	0	0	16384	1073741824	{}
sustained	32	mixed	trunk-1g	2	4352.67	1989.05	0.603	9.689	75.986	0	0	16384	1073741824	{}
sustained	8	put	optimized-1g	3	325.14	185.61	0.213	105.433	272.822	0	0	4096	1073741824	{}
sustained	8	get	optimized-1g	3	4154.59	2371.73	0.622	2.659	20.293	0	0	4096	1073741824	{}
sustained	8	head-hit	optimized-1g	3	11227.18	0.0	0.589	1.501	5.375	0	0	4096	1073741824	{}
sustained	8	head-miss	optimized-1g	3	10384.81	0.0	0.58	1.146	3.481	0	0	4096	1073741824	{}
sustained	8	mixed	optimized-1g	3	3645.5	1703.56	0.682	3.383	35.938	0	0	4096	1073741824	{}
sustained	32	put	optimized-1g	3	326.86	186.6	0.089	278.012	1410.038	0	0	16384	1073741824	{}
sustained	32	get	optimized-1g	3	5175.97	2954.8	0.793	6.5	31.279	0	0	16384	1073741824	{}
sustained	32	head-hit	optimized-1g	3	13606.05	0.0	0.063	6.348	14.039	0	0	16384	1073741824	{}
sustained	32	head-miss	optimized-1g	3	6969.31	0.0	4.386	6.914	16.052	0	0	16384	1073741824	{}
sustained	32	mixed	optimized-1g	3	3870.72	1768.81	0.607	12.891	71.069	0	0	16384	1073741824	{}
sustained	8	put	optimized-2g	3	1391.77	794.52	0.292	0.871	157.905	0	0	4096	2147483648	{}
sustained	8	get	optimized-2g	3	564.5	322.25	0.451	33.432	248.302	0	0	4096	2147483648	{}
sustained	8	head-hit	optimized-2g	3	5713.8	0.0	0.086	2.828	19.812	0	0	4096	2147483648	{}
sustained	8	head-miss	optimized-2g	3	3219.86	0.0	0.76	6.663	20.306	0	0	4096	2147483648	{}
sustained	8	mixed	optimized-2g	3	818.35	382.42	0.869	14.61	179.933	0	0	4096	2147483648	{}
sustained	32	put	optimized-2g	3	1377.67	786.47	0.288	1.825	484.485	0	0	16384	2147483648	{}
sustained	32	get	optimized-2g	3	8041.28	4590.52	1.147	4.375	28.808	0	0	16384	2147483648	{}
sustained	32	head-hit	optimized-2g	3	22629.51	0.0	0.163	4.619	12.453	0	0	16384	2147483648	{}
sustained	32	head-miss	optimized-2g	3	7934.35	0.0	2.201	8.703	26.884	0	0	16384	2147483648	{}
sustained	32	mixed	optimized-2g	3	3522.82	1609.83	0.601	9.65	137.762	0	0	16384	2147483648	{}
sustained	8	put	trunk-1g	3	325.61	185.88	0.21	84.205	355.823	0	0	4096	1073741824	{}
sustained	8	get	trunk-1g	3	6332.83	3615.22	0.66	2.227	10.71	0	0	4096	1073741824	{}
sustained	8	head-hit	trunk-1g	3	8106.98	0.0	0.575	1.842	14.472	0	0	4096	1073741824	{}
sustained	8	head-miss	trunk-1g	3	10476.36	0.0	0.479	1.165	5.181	0	0	4096	1073741824	{}
sustained	8	mixed	trunk-1g	3	2684.55	1254.5	0.682	5.104	35.438	0	0	4096	1073741824	{}
sustained	32	put	trunk-1g	3	322.72	184.23	0.082	273.794	1594.874	0	0	16384	1073741824	{}
sustained	32	get	trunk-1g	3	12543.97	7160.97	1.472	5.479	14.088	0	0	16384	1073741824	{}
sustained	32	head-hit	trunk-1g	3	15053.88	0.0	0.046	6.024	14.352	0	0	16384	1073741824	{}
sustained	32	head-miss	trunk-1g	3	6425.49	0.0	4.717	6.579	17.336	0	0	16384	1073741824	{}
sustained	32	mixed	trunk-1g	3	4367.84	1995.99	0.722	13.949	86.241	0	0	16384	1073741824	{}
sustained	8	put	published-1g	3	318.56	181.85	0.229	104.108	325.589	0	0	4096	1073741824	{}
sustained	8	get	published-1g	3	1956.28	1116.78	0.681	3.548	72.677	0	0	4096	1073741824	{}
sustained	8	head-hit	published-1g	3	11026.35	0.0	0.573	1.609	5.872	0	0	4096	1073741824	{}
sustained	8	head-miss	published-1g	3	8113.99	0.0	0.564	1.382	9.208	0	0	4096	1073741824	{}
sustained	8	mixed	published-1g	3	2746.09	1283.26	0.701	5.257	38.526	0	0	4096	1073741824	{}
sustained	32	put	published-1g	3	329.59	188.16	0.103	268.749	1388.469	0	0	16384	1073741824	{}
sustained	32	get	published-1g	3	4800.88	2740.68	0.927	7.828	29.334	0	0	16384	1073741824	{}
sustained	32	head-hit	published-1g	3	11129.7	0.0	0.064	7.931	18.47	0	0	16384	1073741824	{}
sustained	32	head-miss	published-1g	3	6727.55	0.0	4.193	8.575	24.186	0	0	16384	1073741824	{}
sustained	32	mixed	published-1g	3	2741.07	1252.6	0.816	18.037	208.88	0	0	16384	1073741824	{}
